{
    "google": [
        {
            "name": "google_search",
            "requirement": {
                "interest": [
                    "input",
                    "sports, tech, coding"
                ],
                "ads_engagement": [
                    "ask",
                    " Number of engagement with advertisements from google "
                ]
            },
            "secondary": {}
        },
        {
            "name": "seo_boast",
            "requirement": {
                "search_title": [
                    "input",
                    "who is dannyokec"
                ],
                "match_url": [
                    "input",
                    "https://(article link to click)"
                ],
                "ads_engagement": [
                    "ask",
                    " Number of engagement with advertisements from google "
                ]
            },
            "secondary": {
                "branch_xpath": [
                    "input",
                    "path to click and move away"
                ]
            }
        }
    ],
    "youtube": [
        {
            "name": "stream_live",
            "requirement": {
                "url": [
                    "input",
                    "Youtube live stream link"
                ],
                "ads_engagement": [
                    "ask",
                    " Number of engagement with advertisements from youtube "
                ]
            },
            "secondary": {
                "comment_memo": [
                    "textarea",
                    "How each bot should comment in a summary"
                ],
                "comments": [
                    "ask",
                    "Comments on the livestream"
                ],
                "like": [
                    "ask",
                    "Likes on the live stream"
                ],
                "subcribe": [
                    "ask",
                    "Subcribers to the livestream Channel"
                ]
            }
        },
        {
            "name": "stream_video",
            "requirement": {
                "url": [
                    "input",
                    "youtube video link"
                ]
            },
            "secondary": {
                "comment_memo": [
                    "textarea",
                    "How each bot should comment in a summary"
                ],
                "comments": [
                    "ask",
                    "Comments on the youtube Video"
                ],
                "like": [
                    "ask",
                    "Likes on the youtube Video"
                ],
                "subcribe": [
                    "ask",
                    "Subcribers to the youtube Video"
                ],
                "ads_engagement": [
                    "ask",
                    " Bot engagement with advertisements from youtube "
                ]
            }
        },
        {
            "name": "watch_recommendation",
            "requirement": {
                "watch_max_videos": [
                    "ask",
                    "No. of recommended videos to watch"
                ]
            },
            "secondary": {
                "ads_engagement": [
                    "ask",
                    " Number of engagement with advertisements from youtube "
                ]
            }
        },
        {
            "name": "find_video",
            "requirement": {
                "title": [
                    "input",
                    "title of the video"
                ],
                "url": [
                    "input",
                    "To match youtube video link"
                ],
                "ads_engagement": [
                    "ask",
                    " Number of engagement with advertisements from youtube "
                ]
            },
            "secondary": {
                "comment_memo": [
                    "textarea",
                    "How each bot should comment in a summary"
                ],
                "comments": [
                    "ask",
                    "Comments on the youtube Video"
                ],
                "like": [
                    "ask",
                    "Likes on the youtube Video"
                ],
                "subcribe": [
                    "ask",
                    "Subcribers to the youtube Video"
                ]
            }
        }
    ],
    "browser": [
        {
            "name": "visit_website",
            "requirement": {
                "url": [
                    "input",
                    "http://mywebsite.com/page"
                ],
                "minimum_Time_On_Page": [
                    "ask",
                    " MINIMUM TIME ON PAGE (minutes) "
                ],
                "maximum_Time_On_Page": [
                    "ask",
                    " MAXIMUM TIME ON PAGE  (minutes) "
                ]
            },
            "secondary": {
                "xpath": [
                    "input",
                    "selector"
                ],
                "minimum_Time_On_Page": [
                    "ask",
                    " MINIMUM TIME ON PAGE (minutes) "
                ],
                "maximum_Time_On_Page": [
                    "ask",
                    " MAXIMUM TIME ON PAGE  (minutes) "
                ]
            }
        }
    ],
    "audiomack": [
        {
            "name": "stream top 10",
            "requirement": {
                "ads_engagement": [
                    "ask",
                    " Number of engagement with advertisements from audiomack "
                ]
            },
            "secondary": {
                "artist hype": [
                    "ask",
                    "number of times to replay"
                ]
            }
        },
        {
            "name": "stream song",
            "requirement": {
                "url": [
                    "input",
                    "audiomack link"
                ],
                "ads_engagement": [
                    "ask",
                    " Number of engagement with advertisements from audiomack "
                ]
            },
            "secondary": {
                "mask": [
                    "ask",
                    "other songs to play after artist song"
                ]
            }
        }
    ],
    "away_Time":[
        {
            "name": "away_time",
            "requirement": {
                "minimum_Time_On_Page": [
                    "ask",
                    " MINIMUM TIME ON PAGE (minutes) "
                ],
                "maximum_Time_On_Page": [
                    "ask",
                    " MAXIMUM TIME ON PAGE  (minutes) "
                ]
            },
            "secondary": {}
        }
    ]
}