{
  "android": [
    {
      "model": "Google Pixel",
      "userAgent": "Mozilla/5.0 (Linux; Android 10; Pixel Build/QP1A.191005.007.A3; wv) AppleWebKit/537.36 (KHTML, like Gecko) Version/4.0 Chrome/107.0.5304.141 Mobile Safari/537.36 [FB_IAB/FB4A;FBAV/395.0.0.27.214;]",
      "screenResolution": "412x732"
    },
    {
      "model": "Google Pixel 2",
      "userAgent": "Mozilla/5.0 (Linux; Android 11; Pixel 2 Build/RP1A.201005.004.A1; wv) AppleWebKit/537.36 (KHTML, like Gecko) Version/4.0 Chrome/94.0.4606.50 Mobile Safari/537.36",
      "screenResolution": "412x732"
    },
    {
      "model": "Pixel 2 XL",
      "userAgent": "Mozilla/5.0 (Linux; Android 8.0.0; Pixel 2 XL Build/OPD1.170816.004) AppleWebKit/537.36 (KHTML, like Gecko) Chrome/81.0.4044.113 Mobile Safari/537.36",
      "screenResolution": "412x823"
    },
    {
      "model": "Google Pixel 3",
      "userAgent": "Mozilla/5.0 (Linux; Android 11; Pixel 3 Build/RQ2A.210305.006; wv) AppleWebKit/537.36 (KHTML, like Gecko) Version/4.0 Chrome/89.0.4389.86 Mobile Safari/537.36",
      "screenResolution": "393x786"
    },
    {
      "model": "Pixel 3 XL",
      "userAgent": "Mozilla/5.0 (Linux; Android 9; Pixel 3 XL) AppleWebKit/537.36 (KHTML, like Gecko) Chrome/78.0.3904.108 Mobile Safari/537.36",
      "screenResolution": "412x846"
    },
    {
      "model": "Google Pixel 3a",
      "userAgent": "Mozilla/5.0 (Linux; Android 10; Pixel 3a) AppleWebKit/537.36 (KHTML, like Gecko) Chrome/85.0.4183.127 Mobile Safari/537.36",
      "screenResolution": "393x808"
    },
    {
      "model": "Pixel 3a XL",
      "userAgent": "Mozilla/5.0 (Linux; Android 12; Pixel 3a XL Build/SP2A.220505.008; wv) AppleWebKit/537.36 (KHTML, like Gecko) Version/4.0 Chrome/107.0.5304.141 Mobile Safari/537.36 [FB_IAB/FB4A;FBAV/395.0.0.27.214;]",
      "screenResolution": "412x823"
    },
    {
      "model": "Pixel 4",
      "userAgent": "Mozilla/5.0 (Linux; Android 13; Pixel 4) AppleWebKit/537.36 (KHTML, like Gecko) Chrome/102.0.5005.78 Mobile Safari/537.36",
      "screenResolution": "393x830"
    },
    {
      "model": "Pixel 4 XL",
      "userAgent": "Mozilla/5.0 (Linux; Android 10; Pixel 4 XL Build/QQ3A.200805.001; ) AppleWebKit/537.36 (KHTML, like Gecko) Version/4.0 Chrome/74.0.3729.186 Mobile Safari/537.36",
      "screenResolution": "412x869"
    },
    {
      "model": "Pixel 4a",
      "userAgent": "Mozilla/5.0 (Linux; Android 13; Pixel 4a) AppleWebKit/537.36 (KHTML, like Gecko) Chrome/115.0.0.0 Mobile Safari/537.36",
      "screenResolution": "393x851"
    },
    {
      "model": "Pixel 5",
      "userAgent": "Mozilla/5.0 (Linux; Android 11; Pixel 5 Build/RQ1A.210205.004; wv) AppleWebKit/537.36 (KHTML, like Gecko) Chrome/88.0.4324.152 Mobile Safari/537.36",
      "screenResolution": "393x851"
    },
    {
      "model": "Google Pixel XL",
      "userAgent": "Mozilla/5.0 (Linux; Android 10; Pixel XL Build/QP1A.191005.007.A3; wv) AppleWebKit/537.36 (KHTML, like Gecko) Chrome/104.0.5112.110 Mobile Safari/537.36",
      "screenResolution": "412x732"
    },
    {
      "model": "Honor 6X",
      "userAgent": "Mozilla/5.0 (Linux; Android 7.0; HUAWEI BLN-L24 Build/HUAWEIBLN-L24) AppleWebKit/537.36 (KHTML, like Gecko) Chrome/62.0.3202.84 Mobile Safari/537.36",
      "screenResolution": "360x640"
    },
    {
      "model": "Honor 7X",
      "userAgent": "Mozilla/5.0 (Linux; Android 9; BND-L21 Build/HONORBND-L21; wv) AppleWebKit/537.36 (KHTML, like Gecko) Version/4.0 Chrome/80.0.3987.119 Mobile Safari/537.36 com.yandex.zen/4.8.1.2542 (HUAWEI BND-L21; Android 9) ZenKit/1.40.8.1-internalNewdesign-Zen.83",
      "screenResolution": "360x720"
    },
    {
      "model": "Honor 8X",
      "userAgent": "Mozilla/5.0 (Linux; Android 9; JSN-L21 Build/HONORJSN-L21; wv) AppleWebKit/537.36 (KHTML, like Gecko) Version/4.0 Chrome/75.0.3770.143 Mobile Safari/537.36 [FB_IAB/FB4A;FBAV/231.0.0.39.113;]",
      "screenResolution": "360x780"
    },
    {
      "model": "Honor 9X",
      "userAgent": "Mozilla/5.0 (Linux; Android 10; HLK-AL00) AppleWebKit/537.36 (KHTML, like Gecko) Chrome/78.0.3904.90 Mobile Safari/537.36",
      "screenResolution": "360x780"
    },
    {
      "model": "HTC Desire 19s",
      "userAgent": "Mozilla/5.0 (Linux; Android 9; HTC Desire 19s Build/PPR1.180610.011; wv) AppleWebKit/537.36 (KHTML, like Gecko) Version/4.0 Chrome/106.0.5249.126 Mobile Safari/537.36; super/347315289/Android/28 [vmgApp]",
      "screenResolution": "360x760"
    },
    {
      "model": "HTC One",
      "userAgent": "Mozilla/5.0 (Linux; U; Android 5.0.2; HTC One Build/LRX22G; wv) AppleWebKit/537.36 (KHTML, like Gecko) Version/4.0 Chrome/95.0.4638.74 Mobile Safari/537.36 OPR/69.0.2254.65848",
      "screenResolution": "360x640"
    },
    {
      "model": "HTC One M8",
      "userAgent": "Mozilla/5.0 (Linux; Android 6.0; HTC6525LVW Build/MRA58K) AppleWebKit/537.36 (KHTML, like Gecko) Chrome/45.0.2454.94 Mobile Safari/537.36",
      "screenResolution": "360x640"
    },
    {
      "model": "HTC One M9",
      "userAgent": "Mozilla/5.0 (Linux; Android 7.0; HTC One M9 Build/NRD90M) AppleWebKit/537.36 (KHTML, like Gecko) Chrome/63.0.3239.111 Mobile Safari/537.36",
      "screenResolution": "360x640"
    },
    {
      "model": "HTC U Ultra",
      "userAgent": "Mozilla/5.0 (Linux; Android 8.0.0; HTC U Ultra) AppleWebKit/537.36 (KHTML, like Gecko) Chrome/90.0.4430.66 Mobile Safari/537.36",
      "screenResolution": "360x640"
    },
    {
      "model": "HTC U11",
      "userAgent": "Mozilla/5.0 (Linux; Android 11; HTC U11) AppleWebKit/537.36 (KHTML, like Gecko) Chrome/111.0.0.0 Mobile Safari/537.36 ABB/3.4.5",
      "screenResolution": "360x640"
    },
    {
      "model": "HTC U11+",
      "userAgent": "Mozilla/5.0 (Linux; Android 9; HTC U11 plus) AppleWebKit/537.36 (KHTML, like Gecko) Chrome/84.0.4147.125 Mobile Safari/537.36",
      "screenResolution": "360x720"
    },
    {
      "model": "HTC U12+",
      "userAgent": "Mozilla/5.0 (Linux; Android 9; HTC U12+) AppleWebKit/537.36 (KHTML, like Gecko) Chrome/81.0.4044.138 Mobile Safari/537.36",
      "screenResolution": "360x720"
    },
    {
      "model": "HTC Wildfire X",
      "userAgent": "Mozilla/5.0 (Linux; Android 9; HTC Wildfire X) AppleWebKit/537.36 (KHTML, like Gecko) Chrome/79.0.3945.93 Mobile Safari/537.36",
      "screenResolution": "360x760"
    },
    {
      "model": "Huawei Mate 10 Lite",
      "userAgent": "Mozilla/5.0 (Linux; Android 8.0.0; RNE-AL00 Build/HUAWEIRNE-AL00; wv) AppleWebKit/537.36 (KHTML, like Gecko) Version/4.0 Chrome/68.0.3440.91 Mobile Safari/537.36",
      "screenResolution": "360x720"
    },
    {
      "model": "Huawei Mate 20 Lite",
      "userAgent": "Mozilla/5.0 (Linux; Android 10; SNE-LX1 Build/HUAWEISNE-LX1; wv) AppleWebKit/537.36 (KHTML, like Gecko) Version/4.0 Chrome/80.0.3987.99 Mobile Safari/537.36",
      "screenResolution": "360x780"
    },
    {
      "model": "Huawei Mate 20 Pro",
      "userAgent": "Mozilla/5.0 (Linux; Android 10; LYA-TL00 Build/HUAWEILYA-TL00L; wv) AppleWebKit/537.36 (KHTML, like Gecko) Version/4.0 Chrome/79.0.3945.116 Mobile Safari/537.36",
      "screenResolution": "360x780"
    },
    {
      "model": "Huawei Mate 30",
      "userAgent": "Mozilla/5.0 (Linux; Android 10; TAS-AL00 Build/HUAWEITAS-AL00; wv) AppleWebKit/537.36 (KHTML, like Gecko) Version/4.0 Chrome/76.0.3809.89 Mobile Safari/537.36 T7/12.2 SP-engine/2.24.0 baiduboxapp/12.2.0.12 (Baidu; P1 10) NABar/1.0",
      "screenResolution": "360x780"
    },
    {
      "model": "Huawei Mate 30 Pro",
      "userAgent": "Mozilla/5.0 (Linux; Android 10; LIO-AL00 Build/HUAWEILIO-AL00) AppleWebKit/537.36 (KHTML, like Gecko) Version/4.0 Chrome/70.0.3538.64 HuaweiBrowser/10.0.0.317 Mobile Safari/537.36",
      "screenResolution": "392x800"
    },
    {
      "model": "Huawei Nova 6",
      "userAgent": "Mozilla/5.0 (Linux; Android 10; WLZ-AN00) AppleWebKit/537.36 (KHTML, like Gecko) Chrome/89.0.4389.105 Mobile Safari/537.36",
      "screenResolution": "360x800"
    },
    {
      "model": "Huawei Nova 7 Pro",
      "userAgent": "Mozilla/5.0 (Linux; U; Android 10; zh-CN; JER-AN10 Build/HUAWEIJER-AN10) AppleWebKit/537.36 (KHTML, like Gecko) Version/4.0 Chrome/69.0.3497.100 UWS/3.22.1.41 Mobile Safari/537.36 AliApp(LX/9.6.9) AliTrip/9.6.9 A2U/x",
      "screenResolution": "360x780"
    },
    {
      "model": "Huawei Nova 7 SE",
      "userAgent": "Mozilla/5.0 (Linux; Android 10; CND-AN00 Build/HUAWEICND-AN00; wv) AppleWebKit/537.36 (KHTML, like Gecko) Version/4.0 Chrome/78.0.3904.108 Mobile Safari/537.36 MailMaster_Android_Mobile/6.23.5",
      "screenResolution": "360x800"
    },
    {
      "model": "Huawei Nova 7i",
      "userAgent": "Mozilla/5.0 (Linux; Android 10; JNY-LX2 Build/HUAWEIJNY-L22; wv) AppleWebKit/537.36 (KHTML, like Gecko) Version/4.0 Chrome/78.0.3904.108 Mobile Safari/537.36 [FB_IAB/FB4A;FBAV/268.1.0.54.121;]",
      "screenResolution": "360x770"
    },
    {
      "model": "Huawei P10 Plus",
      "userAgent": "Mozilla/5.0 (Linux; Android 9; VKY-L29) AppleWebKit/537.36 (KHTML, like Gecko) Chrome/79.0.3945.79 Mobile Safari/537.36",
      "screenResolution": "360x640"
    },
    {
      "model": "Huawei P20 Lite",
      "userAgent": "Mozilla/5.0 (Linux; Android 8.0.0; ANE-LX1 Build/HUAWEIANE-LX1) AppleWebKit/537.36 (KHTML, like Gecko) Chrome/83.0.4103.106 Mobile Safari/537.36",
      "screenResolution": "360x760"
    },
    {
      "model": "Huawei P20 Pro",
      "userAgent": "Mozilla/5.0 (Linux; Android 10; CLT-AL00l Build/HUAWEICLT-AL00l; wv) AppleWebKit/537.36 (KHTML, like Gecko) Version/4.0 Chrome/79.0.3945.116 Mobile Safari/537.36 mailapp/5.7.6",
      "screenResolution": "360x747"
    },
    {
      "model": "Huawei P30",
      "userAgent": "Mozilla/5.0 (Linux; Android 11; Huawei P30 Build/ELE-L29) AppleWebKit/537.36 (KHTML, like Gecko) Chrome/114.0.5735.131 Mobile Safari/537.36",
      "screenResolution": "360x780"
    },
    {
      "model": "Huawei P30 Lite",
      "userAgent": "Mozilla/5.0 (Linux; Android 10; MAR-LX1B Build/HUAWEIMAR-L21B) AppleWebKit/537.36 (KHTML, like Gecko) Version/4.0 Chrome/85.0.4183.127 Mobile Safari/537.36",
      "screenResolution": "360x771"
    },
    {
      "model": "Huawei P30 Pro",
      "userAgent": "Mozilla/5.0 (Linux; Android 10; VOG-L09 Build/HUAWEIVOG-L09; wv) AppleWebKit/537.36 (KHTML, like Gecko) Version/4.0 Chrome/83.0.4103.96 Mobile Safari/537.36",
      "screenResolution": "360x780"
    },
    {
      "model": "Huawei P40",
      "userAgent": "Mozilla/5.0 (Linux; Android 10; ELS-NX9) AppleWebKit/537.36 (KHTML, like Gecko) Chrome/100.0.4896.79 Mobile Safari/537.36",
      "screenResolution": "360x780"
    },
    {
      "model": "Huawei P40 Lite",
      "userAgent": "Mozilla/5.0 (Linux; U; Android 6.0.1; en-us; JNY-LX1 Build/JOP24G) AppleWebKit/534.30 (KHTML, like Gecko) Version/4.0 Chrome/47.0.2526.27 Mobile Safari/534.30",
      "screenResolution": "360x770"
    },
    {
      "model": "Huawei P40 Pro",
      "userAgent": "Mozilla/5.0 (Linux; Android 10; ELS-NX9 Build/HUAWEIELS-N29; wv) AppleWebKit/537.36 (KHTML, like Gecko) Version/4.0 Chrome/88.0.4324.93 Mobile Safari/537.36 [FB_IAB/FB4A;FBAV/350.1.0.29.106;]",
      "screenResolution": "400x880"
    },
    {
      "model": "Huawei P8 Lite (2017)",
      "userAgent": "Mozilla/5.0 (Linux; Android 8.0.0; PRA-LX1 Build/HUAWEIPRA-LX1; wv) AppleWebKit/537.36 (KHTML, like Gecko) Version/4.0 Chrome/111.0.5563.57 Mobile Safari/537.36",
      "screenResolution": "360x640"
    },
    {
      "model": "Huawei P9, P9 Lite",
      "userAgent": "Mozilla/5.0 (Linux; Android 7.0; HUAWEI VNS-L31 Build/HUAWEIVNS-L31; wv) AppleWebKit/537.36 (KHTML, like Gecko) Version/4.0 Chrome/59.0.3071.125 Mobile Safari/537.36 [FB_IAB/FB4A;FBAV/140.0.0.24.91;]",
      "screenResolution": "360x640"
    },
    {
      "model": "Huawei Y9 Prime",
      "userAgent": "Mozilla/5.0 (Linux; Android 9; STK-L21 Build/HUAWEISTK-L21; wv) AppleWebKit/537.36 (KHTML, like Gecko) Version/4.0 Chrome/72.0.3626.121 Mobile Safari/537.36",
      "screenResolution": "360x780"
    },
    {
      "model": "Huawei Y9s",
      "userAgent": "Mozilla/5.0 (Linux; Android 9; STK-L21 Build/HUAWEISTK-L21; wv) AppleWebKit/537.36 (KHTML, like Gecko) Version/4.0 Chrome/72.0.3626.121 Mobile Safari/537.36",
      "screenResolution": "360x780"
    },
    {
      "model": "LG G Pad 5",
      "userAgent": "Mozilla/5.0 (Android 9; Tablet; LG G Pad 5) AppleWebKit/537.36 (KHTML, like Gecko) Chrome/95.0.0.0 Safari/537.36",
      "screenResolution": "600x960"
    },
    {
      "model": "LG G4",
      "userAgent": "Mozilla/5.0 (Linux; Android 6.0; LG-AS991 Build/MRA58K) AppleWebKit/537.36 (KHTML, like Gecko) Chrome/54.0.2840.85 Mobile Safari/537.36",
      "screenResolution": "360x640"
    },
    {
      "model": "LG G5",
      "userAgent": "Mozilla/5.0 (Linux; Android 7.0; LGAS992) AppleWebKit/537.36 (KHTML, like Gecko) Chrome/92.0.4515.115 Mobile Safari/537.36",
      "screenResolution": "360x640"
    },
    {
      "model": "LG G6",
      "userAgent": "Mozilla/5.0 (Android 8.0; Mobile; LG G6) AppleWebKit/537.36 (KHTML, like Gecko) Chrome/95.0.0.0 Mobile Safari/537.36",
      "screenResolution": "360x720"
    },
    {
      "model": "LG G7",
      "userAgent": "Mozilla/5.0 (Linux; Android 7.0; LG-LS993) AppleWebKit/537.36 (KHTML, like Gecko) Chrome/78.0.3904.108 Mobile Safari/537.36",
      "screenResolution": "360x780"
    },
    {
      "model": "LG G8 ThinQ",
      "userAgent": "Mozilla/5.0 (Android 9; Mobile; LG G8 ThinQ) AppleWebKit/537.36 (KHTML, like Gecko) Chrome/95.0.0.0 Mobile Safari/537.36",
      "screenResolution": "360x780"
    },
    {
      "model": "LG K10",
      "userAgent": "Mozilla/5.0 (Linux; Android 5.1.1; LG-F670K) AppleWebKit/537.36 (KHTML, like Gecko) Chrome/77.0.3865.92 Mobile Safari/537.36",
      "screenResolution": "360x640"
    },
    {
      "model": "LG K20 (2019)",
      "userAgent": "Mozilla/5.0 (Linux; Android 7.0; VS501 Build/NRD90U) AppleWebKit/537.36 (KHTML, like Gecko) Chrome/68.0.3440.91 Mobile Safari/537.36",
      "screenResolution": "320x640"
    },
    {
      "model": "LG K30",
      "userAgent": "Mozilla/5.0 (Linux; Android 10; LM-X320) AppleWebKit/537.36 (KHTML, like Gecko) Chrome/92.0.4515.159 Mobile Safari/537.36",
      "screenResolution": "360x640"
    },
    {
      "model": "LG K40",
      "userAgent": "Mozilla/5.0 (Linux; Android 10; LM-X420) AppleWebKit/537.36 (KHTML, like Gecko) Chrome/90.0.4430.91 Mobile Safari/537.36",
      "screenResolution": "360x720"
    },
    {
      "model": "LG K50",
      "userAgent": "Mozilla/5.0 (Linux; Android 10; LM-X520) AppleWebKit/537.36 (KHTML, like Gecko) Chrome/92.0.4515.131 Mobile Safari/537.36",
      "screenResolution": "360x760"
    },
    {
      "model": "LG K51S",
      "userAgent": "Mozilla/5.0 (Linux; Android 11; LM-K510) AppleWebKit/537.36 (KHTML, like Gecko) Chrome/108.0.0.0 Mobile Safari/537.36",
      "screenResolution": "360x800"
    },
    {
      "model": "LG K61",
      "userAgent": "Mozilla/5.0 (Android 10; Mobile; LG K61) AppleWebKit/537.36 (KHTML, like Gecko) Chrome/95.0.0.0 Mobile Safari/537.36",
      "screenResolution": "360x780"
    },
    {
      "model": "LG Nexus 5",
      "userAgent": "Mozilla/5.0 (Linux; Android 6.0; Nexus 5 Build/MRA58N) AppleWebKit/537.36 (KHTML, like Gecko) Chrome/57.0.3029.1145 Mobile Safari/537.36",
      "screenResolution": "360x640"
    },
    {
      "model": "LG Stylo 4",
      "userAgent": "Mozilla/5.0 (Linux; Android 8.1.0; LG-Q710PL) AppleWebKit/537.36 (KHTML, like Gecko) Chrome/89.0.4389.72 Mobile Safari/537.36",
      "screenResolution": "360x720"
    },
    {
      "model": "LG Stylo 5",
      "userAgent": "Mozilla/5.0 (Linux; Android 9; LM-Q720) AppleWebKit/537.36 (KHTML, like Gecko) Chrome/81.0.4044.117 Mobile Safari/537.36",
      "screenResolution": "360x720"
    },
    {
      "model": "LG Tribute Empire",
      "userAgent": "Mozilla/5.0 (Linux; Android 8.1.0; LM-X220PM) AppleWebKit/537.36 (KHTML, like Gecko) Chrome/89.0.4389.90 Mobile Safari/537.36",
      "screenResolution": "360x640"
    },
    {
      "model": "LG W30",
      "userAgent": "Mozilla/5.0 (Android 9; Mobile; LG W30) AppleWebKit/537.36 (KHTML, like Gecko) Chrome/95.0.0.0 Mobile Safari/537.36",
      "screenResolution": "360x760"
    },
    {
      "model": "Microsoft Lumia 1020",
      "userAgent": "Mozilla/5.0 (Windows Phone 10.0; Android 4.2.1; NOKIA; Lumia 1020) AppleWebKit/537.36(KHTML, like Gecko) Chrome/42.0.2311.135 Mobile Safari/537.36 Edge/12.10536",
      "screenResolution": "320x480"
    },
    {
      "model": "Microsoft Lumia 1520",
      "userAgent": "Mozilla/5.0 (Windows NT 10.0; ARM; Lumia 1520) AppleWebKit/547.41 (KHTML, like Gecko) Chrome/59.0.343.212 Safari/547.41 BIDUBrowser/8.7",
      "screenResolution": "432x768"
    },
    {
      "model": "Microsoft Lumia 520",
      "userAgent": "Mozilla/5.0 (Windows Phone 10.0; Android 4.2.1; ; Lumia 520) AppleWebKit/537.36 (KHTML, like Gecko) Chrome/42.0.2311.135 Mobile Safari/537.36 Edge/12.10136",
      "screenResolution": "320x480"
    },
    {
      "model": "Microsoft Lumia 650",
      "userAgent": "Mozilla/5.0 (Windows 10.0; 6.0.1; Microsoft; Lumia 650) AppleWebKit/537.36 (KHTML, like Gecko) Chrome/52.0.2743.116 /537.36 Edge/15.15254",
      "screenResolution": "360x640"
    },
    {
      "model": "Microsoft Lumia 925",
      "userAgent": "Mozilla/5.0 (Mobile; Windows Phone 8.1; Android 4.0; ARM; Trident/7.0; Touch; rv:11.0; IEMobile/11.0; NOKIA; Lumia 925) like iPhone OS 7_0_3 Mac OS X AppleWebKit/537 (KHTML, like Gecko) Mobile Safari/537 UCBrowser/4.2.1.541 Mobile",
      "screenResolution": "320x480"
    },
    {
      "model": "Microsoft Lumia 950 XL",
      "userAgent": "Mozilla/5.0 (Windows Mobile 10; Android 10.0; Microsoft; Lumia 950XL) [xx-fa2b66c2f47ffa7e25c30084488c980a] AppleWebKit/537.36 (KHTML, like Gecko) Chrome/119.0.0.0 Mobile Safari/537.36 Edge/40.15254.603",
      "screenResolution": "411x731"
    },
    {
      "model": "Moto G8",
      "userAgent": "Mozilla/5.0 (Linux; Android 11; moto g(8) Build/RPJS31.Q4U-47-35-6; wv) AppleWebKit/537.36 (KHTML, like Gecko) Version/4.0 Chrome/92.0.4515.131 Mobile Safari/537.36 newsbreak/19.6.1",
      "screenResolution": "360x780"
    },
    {
      "model": "Nexus 6",
      "userAgent": "Mozilla/5.0 (Linux; Android 7.0; Nexus 6 Build/NBD91X) AppleWebKit/537.36 (KHTML, like Gecko) Chrome/56.0.2924.87 Mobile Safari/537.36",
      "screenResolution": "411x731"
    },
    {
      "model": "Nexus 6P",
      "userAgent": "Mozilla/5.0 (Linux; Android 8.1.0; Nexus 6P Build/OPM7.181205.001; wv) AppleWebKit/537.36 (KHTML, like Gecko) Version/4.0 Chrome/121.0.6167.164 Mobile Safari/537.36 [FB_IAB/FB4A;FBAV/450.0.0.42.110;]",
      "screenResolution": "411x731"
    },
    {
      "model": "OnePlus 6",
      "userAgent": "Mozilla/5.0 (Linux; Android 10; ONEPLUS A6003) AppleWebKit/537.36 (KHTML, like Gecko) Chrome/91.0.4472.88 Mobile Safari/537.36",
      "screenResolution": "412x869"
    },
    {
      "model": "OnePlus 6T",
      "userAgent": "Mozilla/5.0 (Linux; Android 10; ONEPLUS A6013) AppleWebKit/537.36 (KHTML, like Gecko) Chrome/82.0.4068.3 Mobile Safari/537.36",
      "screenResolution": "412x892"
    },
    {
      "model": "OnePlus 7",
      "userAgent": "Mozilla/5.0 (Linux; Android 9; GM1900) AppleWebKit/537.36 (KHTML, like Gecko) Chrome/87.0.4280.141 Mobile Safari/537.36",
      "screenResolution": "412x892"
    },
    {
      "model": "OnePlus 7 Pro",
      "userAgent": "Mozilla/5.0 (Linux; Android 11; GM1913 Build/RKQ1.201022.002; wv) AppleWebKit/537.36 (KHTML, like Gecko) Version/4.0 Chrome/96.0.4664.45 Mobile Safari/537.36",
      "screenResolution": "412x892"
    },
    {
      "model": "OnePlus 7T",
      "userAgent": "Mozilla/5.0 (Linux; Android 11; OnePlus 7T Build/RQ3A.210605.005; wv) AppleWebKit/537.36 (KHTML, like Gecko) Version/4.0 Chrome/104.0.5112.69 Mobile Safari/537.36",
      "screenResolution": "412x914"
    },
    {
      "model": "OnePlus 7T Pro",
      "userAgent": "Mozilla/5.0 (Linux; Android 11; HD1913) AppleWebKit/537.36 (KHTML, like Gecko) Chrome/88.0.4324.93 Mobile Safari/537.36",
      "screenResolution": "412x892"
    },
    {
      "model": "OnePlus 8",
      "userAgent": "Mozilla/5.0 (Linux; Android 10; IN2017 Build/QKQ1.191222.002) AppleWebKit/537.36 (KHTML, like Gecko) Chrome/87.0.4280.101 Mobile Safari/537.36",
      "screenResolution": "412x915"
    },
    {
      "model": "OnePlus 8 Pro",
      "userAgent": "Mozilla/5.0 (Linux; Android 10; IN2025) AppleWebKit/537.36 (KHTML, like Gecko) Chrome/87.0.4280.101 Mobile Safari/537.36",
      "screenResolution": "412x906"
    },
    {
      "model": "OnePlus 8T",
      "userAgent": "Mozilla/5.0 (Linux; Android 12; KB2005 Build/RKQ1.211119.001) AppleWebKit/537.36 (KHTML, like Gecko) Version/4.0 Chrome/108.0.5359.22 Mobile Safari/537.36 GNews Android/2022100164",
      "screenResolution": "412x914"
    },
    {
      "model": "OnePlus 9",
      "userAgent": "Mozilla/5.0 (Android 11; Mobile; OnePlus 9) AppleWebKit/537.36 (KHTML, like Gecko) Chrome/95.0.0.0 Mobile Safari/537.36",
      "screenResolution": "412x915"
    },
    {
      "model": "OnePlus 9 Pro",
      "userAgent": "Mozilla/5.0 (Linux; Android 11; LE2121) AppleWebKit/537.36 (KHTML, like Gecko) Chrome/91.0.4472.164 Mobile Safari/537.36",
      "screenResolution": "412x919"
    },
    {
      "model": "OnePlus Nord",
      "userAgent": "Mozilla/5.0 (Linux; Android 10; OnePlus Nord Build/QQ3A.200805.001; wv) AppleWebKit/537.36 (KHTML, like Gecko) Version/4.0 Chrome/91.0.4472.101 Mobile Safari/537.36 Instagram 316.0.0.38.109 Android (29/10; 440dpi; 1080x2155; OnePlus; OnePlus Nord; OnePlusNord; qcom; it_IT; 561502282)",
      "screenResolution": "412x915"
    },
    {
      "model": "Samsung Galaxy A30",
      "userAgent": "Mozilla/5.0 (Linux; Android 10; SM-A305F Build/QP1A.190711.020; wv) AppleWebKit/537.36 (KHTML, like Gecko) Version/4.0 Chrome/81.0.4044.138 Mobile Safari/537.36 [FB_IAB/FB4A;FBAV/287.1.0.51.119;]",
      "screenResolution": "412x892"
    },
    {
      "model": "Samsung Galaxy A31",
      "userAgent": "Mozilla/5.0 (Linux; Android 11; SM-A315F Build/RP1A.200720.012; wv) AppleWebKit/537.36 (KHTML, like Gecko) Version/4.0 Chrome/92.0.4515.159 Mobile Safari/537.36",
      "screenResolution": "412x915"
    },
    {
      "model": "Samsung Galaxy A32",
      "userAgent": "Mozilla/5.0 (Linux; Android 13; SM-A325F Build/TP1A.220624.014) AppleWebKit/537.36 (KHTML, like Gecko) Chrome/114.0.5735.60 Mobile Safari/537.36",
      "screenResolution": "412x915"
    },
    {
      "model": "Samsung Galaxy A50",
      "userAgent": "Mozilla/5.0 (Linux; Android 11; SM-A505FN Build/RP1A.200720.012; wv) AppleWebKit/537.36 (KHTML, like Gecko) Version/4.0 Chrome/100.0.4896.127 Mobile Safari/537.36 [FB_IAB/Orca-Android;FBAV/357.0.0.13.112;]",
      "screenResolution": "412x892"
    },
    {
      "model": "Samsung Galaxy A50s",
      "userAgent": "Mozilla/5.0 (Linux; Android 11; SM-A507FN) AppleWebKit/537.36 (KHTML, like Gecko) Chrome/92.0.4515.166 Mobile Safari/537.36",
      "screenResolution": "412x892"
    },
    {
      "model": "Samsung Galaxy A51",
      "userAgent": "Mozilla/5.0 (Linux; Android 13; SM-A515F Build/TP1A.220624.014) AppleWebKit/537.36 (KHTML, like Gecko) Chrome/114.0.5735.60 Mobile Safari/537.36",
      "screenResolution": "412x915"
    },
    {
      "model": "Samsung Galaxy A6s",
      "userAgent": "Mozilla/5.0 (Linux; Android 8.1.0; SM-G6200) AppleWebKit/537.36 (KHTML, like Gecko) Chrome/83.0.4103.101 Mobile Safari/537.36",
      "screenResolution": "360x720"
    },
    {
      "model": "Samsung Galaxy A70s",
      "userAgent": "Mozilla/5.0 (Linux; Android 10; SM-A707F) AppleWebKit/537.36 (KHTML, like Gecko) Chrome/78.0.3904.96 Mobile Safari/537.36",
      "screenResolution": "412x914"
    },
    {
      "model": "Samsung Galaxy A71",
      "userAgent": "Mozilla/5.0 (Linux; Android 11; SM-A715F) AppleWebKit/537.36 (KHTML, like Gecko) Chrome/92.0.4515.105 Mobile Safari/537.36",
      "screenResolution": "412x914"
    },
    {
      "model": "Samsung Galaxy Fold",
      "userAgent": "Mozilla/5.0 (Linux; Android 10; SM-F900W) AppleWebKit/537.36 (KHTML, like Gecko) Chrome/80.0.3987.99 Mobile Safari/537.36",
      "screenResolution": "768x1076"
    },
    {
      "model": "Samsung Galaxy J7 Prime2",
      "userAgent": "Mozilla/5.0 (Linux; Android 9; SM-G611M) AppleWebKit/537.36 (KHTML, like Gecko) Chrome/78.0.3904.108 Mobile Safari/537.36",
      "screenResolution": "412x732"
    },
    {
      "model": "Samsung Galaxy Note3",
      "userAgent": "Mozilla/5.0 (Linux; Android 5.0; SAMSUNG SM-N9005 Build/LRX21V) AppleWebKit/537.36 (KHTML, like Gecko) SamsungBrowser/4.0 Chrome/44.0.2403.133 Mobile Safari/537.36",
      "screenResolution": "360x640"
    },
    {
      "model": "Samsung Galaxy Note4",
      "userAgent": "Mozilla/5.0 (Linux; Android 4.4.4; SAMSUNG-SM-N910A Build/KTU84P) AppleWebKit/537.36 (KHTML, like Gecko) Chrome/40.0.2214.109 Mobile Safari/537.36",
      "screenResolution": "360x640"
    },
    {
      "model": "Samsung Galaxy Note8",
      "userAgent": "Mozilla/5.0 (Linux; Android 9; SM-N950F Build/PPR1.180610.011) AppleWebKit/537.36 (KHTML, like Gecko) Version/4.0 Chrome/104.0.5112.69 Mobile Safari/537.36 GNews Android/2022086952",
      "screenResolution": "360x740"
    },
    {
      "model": "Samsung Galaxy Note9",
      "userAgent": "Mozilla/5.0 (Linux; Android 10; SM-N960F) AppleWebKit/537.36 (KHTML, like Gecko) Chrome/82.0.4085.12 Mobile Safari/537.36",
      "screenResolution": "360x740"
    },
    {
      "model": "Samsung Galaxy Note10",
      "userAgent": "Mozilla/5.0 (Linux; Android 10; SM-N970U1) AppleWebKit/537.36 (KHTML, like Gecko) Chrome/80.0.3987.132 Mobile Safari/537.36",
      "screenResolution": "412x869"
    },
    {
      "model": "Samsung Galaxy Note10+",
      "userAgent": "Mozilla/5.0 (Linux; Android 12; SM-N975W Build/SP1A.210812.016; wv) AppleWebKit/537.36 (KHTML, like Gecko) Version/4.0 Chrome/114.0.5735.196 Mobile Safari/537.36 [FB_IAB/FB4A;FBAV/422.0.0.26.76;]",
      "screenResolution": "412x869"
    },
    {
      "model": "Samsung Galaxy Note20",
      "userAgent": "Mozilla/5.0 (Linux; Android 11; SM-N980F) AppleWebKit/537.36 (KHTML, like Gecko) Chrome/88.0.4324.155 Mobile Safari/537.36",
      "screenResolution": "412x915"
    },
    {
      "model": "Samsung Galaxy Note20 Ultra",
      "userAgent": "Mozilla/5.0 (Linux; Android 11; SM-N985F) AppleWebKit/537.36 (KHTML, like Gecko) Chrome/88.0.4324.155 Mobile Safari/537.36",
      "screenResolution": "412x883"
    },
    {
      "model": "Samsung Galaxy S10",
      "userAgent": "Mozilla/5.0 (Linux; Android 10; SM-G9730 Build/QP1A.190711.020) AppleWebKit/537.36 (KHTML, like Gecko) Chrome/87.0.4280.66 Mobile Safari/537.36",
      "screenResolution": "360x760"
    },
    {
      "model": "Samsung Galaxy S10 Lite",
      "userAgent": "Mozilla/5.0 (Linux; Android 10; SAMSUNG SM-G770U1) AppleWebKit/537.36 (KHTML, like Gecko) SamsungBrowser/13.0 Chrome/83.0.4103.106 Mobile Safari/537.36",
      "screenResolution": "412x914"
    },
    {
      "model": "Samsung Galaxy S10+",
      "userAgent": "Mozilla/5.0 (Linux; Android 10; SM-G9750) AppleWebKit/537.36 (KHTML, like Gecko) Chrome/87.0.4280.66 Mobile Safari/537.36",
      "screenResolution": "412x869"
    },
    {
      "model": "Samsung Galaxy S20",
      "userAgent": "Mozilla/5.0 (Linux; Android 11; SM-G980F) AppleWebKit/537.36 (KHTML, like Gecko) Chrome/80.0.3987.149 Mobile Safari/537.36",
      "screenResolution": "360x800"
    },
    {
      "model": "Samsung Galaxy S20 FE",
      "userAgent": "Mozilla/5.0 (Linux; Android 13; SM-G780G Build/TP1A.220624.014; wv) AppleWebKit/537.36 (KHTML, like Gecko) Version/4.0 Chrome/118.0.0.0 Mobile Safari/537.36",
      "screenResolution": "412x914"
    },
    {
      "model": "Samsung Galaxy S20 Ultra",
      "userAgent": "Mozilla/5.0 (Linux; Android 11; Galaxy S20 Ultra) AppleWebKit/537.36 (KHTML, like Gecko) Chrome/114.0.5735.227 Mobile Safari/537.36",
      "screenResolution": "412x915"
    },
    {
      "model": "Samsung Galaxy S20+",
      "userAgent": "Mozilla/5.0 (Linux; Android 12; SM-G985F) AppleWebKit/537.36 (KHTML, like Gecko) Chrome/101.0.4951.41 Mobile Safari/537.36",
      "screenResolution": "384x854"
    },
    {
      "model": "Samsung Galaxy S21 Ultra",
      "userAgent": "Mozilla/5.0 (Linux; Android 12; Galaxy S21 Ultra) AppleWebKit/537.43 (KHTML, like Gecko) Chrome/116.0.5845.163 Mobile Safari/537.36",
      "screenResolution": "384x854"
    },
    {
      "model": "Samsung Galaxy S6",
      "userAgent": "Mozilla/5.0 (Linux; Android 7.0; SM-G920F Build/NRD90M; wv) AppleWebKit/537.36 (KHTML, like Gecko) Version/4.0 Chrome/58.0.3029.83 Mobile Safari/537.36 [FB_IAB/FB4A;FBAV/148.0.0.51.62;]",
      "screenResolution": "360x640"
    },
    {
      "model": "Samsung Galaxy S6 edge",
      "userAgent": "Mozilla/5.0 (Linux; Android 7.0; SM-G925F Build/NRD90M; wv) AppleWebKit/537.36 (KHTML, like Gecko) Version/4.0 Chrome/116.0.0.0 Mobile Safari/537.36 [FB_IAB/FB4A;FBAV/433.0.0.31.111;]",
      "screenResolution": "360x640"
    },
    {
      "model": "Samsung Galaxy S7",
      "userAgent": "Mozilla/5.0 (Linux; Android 8.0.0; SM-G930V Build/R16NW; wv) AppleWebKit/537.36 (KHTML, like Gecko) Version/4.0 Chrome/73.0.3683.90 Mobile Safari/537.36 [FB_IAB/FB4A;FBAV/242.0.0.43.119;]",
      "screenResolution": "360x640"
    },
    {
      "model": "Samsung Galaxy S7 Edge",
      "userAgent": "Mozilla/5.0 (Linux; Android 6.0.1; SM-G935F Build/MMB29K) AppleWebKit/537.36 (KHTML, like Gecko) Chrome/55.0.2883.91 Mobile Safari/537.36",
      "screenResolution": "360x640"
    },
    {
      "model": "Samsung Galaxy S8",
      "userAgent": "Mozilla/5.0 (Linux; Android 7.0; SM-G950) AppleWebKit/537.36 (KHTML, like Gecko) Chrome/76.0.3809.132 Mobile Safari/537.36",
      "screenResolution": "360x740"
    },
    {
      "model": "Samsung Galaxy S8+",
      "userAgent": "Mozilla/5.0 (Linux; Android 9; SM-G955F Build/PPR1.180610.011; wv) AppleWebKit/537.36 (KHTML, like Gecko) Version/4.0 Chrome/111.0.5563.57 Mobile Safari/537.36",
      "screenResolution": "360x740"
    },
    {
      "model": "Samsung Galaxy S9",
      "userAgent": "Mozilla/5.0 (Linux; Android 10; SM-G9608 Build/QP1A.190711.020; wv) AppleWebKit/537.36 (KHTML, like Gecko) Version/4.0 Chrome/80.0.3987.99 Mobile Safari/537.36",
      "screenResolution": "360x740"
    },
    {
      "model": "Samsung Galaxy S9+",
      "userAgent": "Mozilla/5.0 (Linux; Android 10; SM-G965F) AppleWebKit/537.36 (KHTML, like Gecko) Chrome/110.0.0.0 Mobile Safari/537.36",
      "screenResolution": "360x740"
    },
    {
      "model": "Samsung Galaxy Z Flip",
      "userAgent": "Mozilla/5.0 (Linux; Android 10; SM-F700U) AppleWebKit/537.36 (KHTML, like Gecko) Chrome/80.0.3987.149 Mobile Safari/537.36",
      "screenResolution": "412x1004"
    },
    {
      "model": "Samsung Galaxy Z Fold2",
      "userAgent": "Mozilla/5.0 (Linux; Android 7.1.2; galaxy Z Fold2) AppleWebKit/537.36 (KHTML, like Gecko) Chrome/98.0.4758.87 Mobile Safari/537.36",
      "screenResolution": "884x1104"
    },
    {
      "model": "Sony Xperia 1",
      "userAgent": "Mozilla/5.0 (Linux; Android 11; J9110) AppleWebKit/537.36 (KHTML, like Gecko) Chrome/90.0.4430.91 Mobile Safari/537.36",
      "screenResolution": "411x960"
    },
    {
      "model": "Sony Xperia 10",
      "userAgent": "Mozilla/5.0 (Linux; Android 10; I4113 Build/53.1.A.3.105; wv) AppleWebKit/537.36 (KHTML, like Gecko) Version/4.0 Chrome/93.0.4577.62 Mobile Safari/537.36",
      "screenResolution": "360x840"
    },
    {
      "model": "Sony Xperia 10 Plus",
      "userAgent": "Mozilla/5.0 (Linux; Android 10; I4213) AppleWebKit/537.36 (KHTML, like Gecko) Chrome/98.0.4758.87 Mobile Safari/537.36",
      "screenResolution": "360x840"
    },
    {
      "model": "Sony Xperia 5",
      "userAgent": "Mozilla/5.0 (Linux; Android 11; SO-01M) AppleWebKit/537.36 (KHTML, like Gecko) Chrome/88.0.4324.93 Mobile Safari/537.36",
      "screenResolution": "360x840"
    },
    {
      "model": "Sony Xperia C4",
      "userAgent": "Mozilla/5.0 (Linux; Android 6.0; E5303) AppleWebKit/537.36 (KHTML, like Gecko) Chrome/90.0.4430.210 Mobile Safari/537.36",
      "screenResolution": "540x960"
    },
    {
      "model": "Sony Xperia L4",
      "userAgent": "Mozilla/5.0 (Linux; Android 9; XQ-AD51 Build/57.0.A.2.280; wv) AppleWebKit/537.36 (KHTML, like Gecko) Version/4.0 Chrome/91.0.4472.88 Mobile Safari/537.36 GSA/12.21.12.23.arm64",
      "screenResolution": "360x840"
    },
    {
      "model": "Sony Xperia X",
      "userAgent": "Mozilla/5.0 (Linux; Android 12; Xperia X Performance) AppleWebKit/537.36 (KHTML, like Gecko) Chrome/103.0.5060.71 Mobile Safari/537.36",
      "screenResolution": "360x640"
    },
    {
      "model": "Sony Xperia XZ",
      "userAgent": "Mozilla/5.0 (Linux; Android 8.0.0; F8332 Build/41.3.A.2.75) AppleWebKit/537.36 (KHTML, like Gecko) Chrome/66.0.3359.126 Mobile Safari/537.36",
      "screenResolution": "360x640"
    },
    {
      "model": "Sony Xperia Z Ultra",
      "userAgent": "Mozilla/5.0 (Linux; Android 5.1.1; C6833) AppleWebKit/537.36 (KHTML, like Gecko) Chrome/89.0.4389.105 Mobile Safari/537.36",
      "screenResolution": "540x960"
    },
    {
      "model": "Sony Xperia Z3",
      "userAgent": "Mozilla/5.0 (Linux; Android 10; Xperia Z3 Build/QQ3A.200805.001) AppleWebKit/537.36 (KHTML, like Gecko) Version/4.0 Chrome/88.0.4324.152 Mobile Safari/537.36",
      "screenResolution": "360x640"
    },
    {
      "model": "vivo Y20",
      "userAgent": "Mozilla/5.0 (Linux; Android 10; V2029 Build/QP1A.190711.020; wv) AppleWebKit/537.36 (KHTML, like Gecko) Version/4.0 Chrome/97.0.4692.70 Mobile Safari/537.36",
      "screenResolution": "385x854"
    },
    {
      "model": "Xiaomi Mi 10",
      "userAgent": "Mozilla/5.0 (Linux; Android 10; Mi 10) AppleWebKit/537.36 (KHTML, like Gecko) Chrome/87.0.4280.141 Mobile Safari/537.36",
      "screenResolution": "393x851"
    },
    {
      "model": "Xiaomi Mi 10 Pro",
      "userAgent": "Mozilla/5.0 (Linux; Android 11; Mi 10 Pro) AppleWebKit/537.36 (KHTML, like Gecko) Chrome/97.0.4692.87 Mobile Safari/537.36",
      "screenResolution": "393x851"
    },
    {
      "model": "Xiaomi Mi 10T",
      "userAgent": "Mozilla/5.0 (Linux; Android 11; M2007J3SI) AppleWebKit/537.36 (KHTML, like Gecko) Chrome/88.0.4324.141 Mobile Safari/537.36",
      "screenResolution": "393x873"
    },
    {
      "model": "Xiaomi Mi 3",
      "userAgent": "Mozilla/5.0 (Linux; Android 5.1.1; Redmi 3 Build/LMY47V; wv) AppleWebKit/537.36 (KHTML, like Gecko) Version/4.0 Chrome/51.0.2704.81 Mobile Safari/537.36 YandexSearch/7.10",
      "screenResolution": "360x640"
    },
    {
      "model": "Xiaomi Mi 6",
      "userAgent": "Mozilla/5.0 (Linux; U; Android 9; th-th; Redmi 6 Build/PPR1.180610.011) AppleWebKit/537.36 (KHTML, like Gecko) Version/4.0 Chrome/79.0.3945.147 Mobile Safari/537.36 XiaoMi/MiuiBrowser/12.10.5-go",
      "screenResolution": "393x816"
    },
    {
      "model": "Xiaomi Mi 8 SE",
      "userAgent": "Mozilla/5.0 (Linux; Android 9; MI 8 SE Build/PKQ1.181121.001; wv) AppleWebKit/537.36 (KHTML, like Gecko) Version/4.0 Chrome/88.0.4324.181 Mobile Safari/537.36",
      "screenResolution": "393x816"
    },
    {
      "model": "Xiaomi Mi 8",
      "userAgent": "Mozilla/5.0 (Linux; Android 10; MI 8) AppleWebKit/537.36 (KHTML, like Gecko) Chrome/88.0.4324.51 Mobile Safari/537.36",
      "screenResolution": "393x817"
    },
    {
      "model": "Xiaomi Mi 9 Lite",
      "userAgent": "Mozilla/5.0 (Linux; Android 10; Mi 9 Lite) AppleWebKit/537.36 (KHTML, like Gecko) Chrome/88.0.4324.152 Mobile Safari/537.36",
      "screenResolution": "393x851"
    },
    {
      "model": "Xiaomi Mi 9 SE",
      "userAgent": "Mozilla/5.0 (Linux; Android 10; Mi 9 SE) AppleWebKit/537.36 (KHTML, like Gecko) Chrome/86.0.4240.110 Safari/537.36",
      "screenResolution": "393x851"
    },
    {
      "model": "Xiaomi Mi 9",
      "userAgent": "Mozilla/5.0 (Linux; Android 10; MI 9) AppleWebKit/537.36 (KHTML, like Gecko) Chrome/88.0.4324.38 Mobile Safari/537.36,gzip(gfe),gzip(gfe) (Chrome Image Compression Service)",
      "screenResolution": "393x851"
    },
    {
      "model": "Redmi Note 7",
      "userAgent": "Mozilla/5.0 (Linux; Android 10; Redmi Note 7) AppleWebKit/537.36 (KHTML, like Gecko) Chrome/101.0.4951.61 Mobile Safari/537.36",
      "screenResolution": "393x851"
    },
    {
      "model": "Xiaomi Note 8",
      "userAgent": "Mozilla/5.0 (Linux; Android 9; Redmi Note 8 Build/PKQ1.190616.001; wv) AppleWebKit/537.36 (KHTML, like Gecko) Version/4.0 Chrome/104.0.5112.69 Mobile Safari/537.36",
      "screenResolution": "393x851"
    },
    {
      "model": "Redmi Note 8 Pro",
      "userAgent": "Mozilla/5.0 (Linux; Android 7.1.2; Redmi Note 8 Pro Build/0IJY.331206.586;) AppleWebKit/537.36 (KHTML, like Gecko) Version/4.0 Chrome/81.0.4044.117 Mobile Safari/537.36",
      "screenResolution": "393x851"
    },
    {
      "model": "Redmi Note 9",
      "userAgent": "Mozilla/5.0 (Linux; Android 11; Redmi Note 9) AppleWebKit/537.36 (KHTML, like Gecko) Chrome/92.0.4515.166 Mobile Safari/537.36",
      "screenResolution": "393x851"
    }
  ]
}
