
{
  "iphone": [
    {
    "model": "Apple iPad",
    "userAgent": "Mozilla/5.0 (iPad; CPU OS 8_0 like Mac OS X) AppleWebKit/600.1.4 (KHTML, like Gecko) Version/8.0 Mobile/12A365 Safari/600.1.4",
    "screenResolution": "810x1080"
    },
    {
    "model": "Apple iPad Air",
    "userAgent": "Mozilla/5.0 (iPad; CPU OS 12_5_7 like Mac OS X) AppleWebKit/605.1.15 (KHTML, like Gecko) Mobile/15E148 [FBAN/FBIOS;FBDV/iPad4,1;FBMD/iPad;FBSN/iOS;FBSV/12.5.7;FBSS/2;FBCR/;FBID/tablet;FBLC/en_GB;FBOP/5;FBRV/0]",
    "screenResolution": "834x1112"
    },
    {
    "model": "Apple iPad Air 2020",
    "userAgent": "Mozilla/5.0 (iPad; CPU OS 16_3_1 like Mac OS X) AppleWebKit/605.1.15 (KHTML, like Gecko) Mobile/20D67 [FBAN/FBIOS;FBDV/iPad13,2;FBMD/iPad;FBSN/iPadOS;FBSV/16.3.1;FBSS/2;FBID/tablet;FBLC/de_DE;FBOP/5]",
    "screenResolution": "820x1180"
    },
    {
    "model": "Apple iPad Mini",
    "userAgent": "Mozilla/5.0 (iPhone; CPU iPhone OS 9_3_5 like Mac OS X) AppleWebKit/601.1.46 (KHTML, like Gecko) Mobile/13G36 Instagram 75.0.0.23.99 (iPad2,5; iPhone OS 9_3_5; nl_NL; nl-NL; scale=2.00; gamut=normal; 640x960; 135054585)",
    "screenResolution": "768x1024"
    },
    {
    "model": "iPad Pro 11",
    "userAgent": "Mozilla/5.0 (iPad; CPU OS 17_4 like Mac OS X) AppleWebKit/605.1.15 (KHTML, like Gecko) Mobile/21E5184i [FBAN/FBIOS;FBAV/448.1.0.39.110;FBBV/559583292;FBDV/iPad14,4;FBMD/iPad;FBSN/iPadOS;FBSV/17.4;FBSS/2;FBID/tablet;FBLC/en_US;FBOP/5;FBRV/563029152];FBNV/1",
    "screenResolution": "834x1194"
    },
    {
    "model": "Apple iPad Pro",
    "userAgent": "Mozilla/5.0 (iPad; CPU OS 9_3_5 like Mac OS X) AppleWebKit/601.1.46 (KHTML, like Gecko) Version/9.0 Mobile/13G36 Safari/601.1",
    "screenResolution": "1024x1366"
    },
    {
    "model": "Apple iPhone 11",
    "userAgent": "Mozilla/5.0 (iPhone; CPU iPhone OS 17_0 like Mac OS X) AppleWebKit/605.1.15 (KHTML, like Gecko) Mobile/21A5291h [FBAN/FBIOS;FBDV/iPhone12,1;FBMD/iPhone;FBSN/iOS;FBSV/17.0;FBSS/2;FBID/phone;FBLC/en_Qaau_GB;FBOP/5]",
    "screenResolution": "414x896"
    },
    {
    "model": "iPhone 11 Pro",
    "userAgent": "Mozilla/5.0 (iPhone; CPU iPhone OS 13_4_1 like Mac OS X) AppleWebKit/605.1.15 (KHTML, like Gecko) Mobile/15E148 [FBAN/FBIOS;FBAV/261.0.0.39.123;FBBV/202805565;FBDV/iPhone12,3;FBMD/iPhone;FBSN/iOS;FBSV/13.4.1;FBSS/3;FBID/phone;FBLC/en_US;FBOP/5;FBRV/2",
    "screenResolution": "375x812"
    },
    {
    "model": "Apple iPhone 11 Pro Max",
    "userAgent": "Mozilla/5.0 (iPhone; CPU iPhone OS 14_7_1 like Mac OS X) AppleWebKit/605.1.15 (KHTML, like Gecko) BC3 iOS/3.12.7 (build 538; iPhone 11 Pro Max; iOS 14.7.1)",
    "screenResolution": "414x896"
    },
    {
    "model": "Apple iPhone 12",
    "userAgent": "Mozilla/5.0 (iPhone; CPU iPhone OS 14_4 like Mac OS X) AppleWebKit/605.1.15 (KHTML, like Gecko) Mobile/15E148 [FBAN/FBIOS;FBDV/iPhone13,2;FBMD/iPhone;FBSN/iOS;FBSV/14.4;FBSS/3;FBID/phone;FBLC/de_DE;FBOP/5]",
    "screenResolution": "390x844"
    },
    {
    "model": "Apple iPhone 12 Mini",
    "userAgent": "Mozilla/5.0 (iPhone; CPU iPhone OS 14_4_2 like Mac OS X) AppleWebKit/605.1.15 (KHTML, like Gecko) Mobile/15E148 [FBAN/FBIOS;FBDV/iPhone13,1;FBMD/iPhone;FBSN/iOS;FBSV/14.4.2;FBSS/3;FBID/phone;FBLC/de_DE;FBOP/5]",
    "screenResolution": "360x780"
    },
    {
    "model": "Apple iPhone 12 Pro",
    "userAgent": "Mozilla/5.0 (iPhone; CPU iPhone OS 14_5 like Mac OS X) AppleWebKit/605.1.15 (KHTML, like Gecko) Mobile/15E148 [FBAN/FBIOS;FBDV/iPhone13,3;FBMD/iPhone;FBSN/iOS;FBSV/14.5;FBSS/3;FBID/phone;FBLC/zh_TW;FBOP/5]",
    "screenResolution": "390x844"
    },
    {
    "model": "Apple iPhone 12 Pro Max",
    "userAgent": "Mozilla/5.0 (iPhone; CPU iPhone OS 14_3 like Mac OS X) AppleWebKit/605.1.15 (KHTML, like Gecko) Mobile/15E148 [FBAN/FBIOS;FBDV/iPhone13,4;FBMD/iPhone;FBSN/iOS;FBSV/14.3;FBSS/3;FBID/phone;FBLC/fr_FR;FBOP/5]",
    "screenResolution": "428x926"
    },
    {
    "model": "Apple iPhone 13",
    "userAgent": "Mozilla/5.0 (iPhone; CPU iPhone OS 15_3 like Mac OS X) AppleWebKit/605.1.15 (KHTML, like Gecko) Mobile/19D50 [FBAN/FBIOS;FBDV/iPhone14,5;FBMD/iPhone;FBSN/iOS;FBSV/15.3;FBSS/3;FBID/phone;FBLC/ru_RU;FBOP/5]",
    "screenResolution": "390x844"
    },
    {
    "model": "Apple iPhone 13 Mini",
    "userAgent": "Mozilla/5.0 (iPhone; CPU iPhone OS 16_0_2 like Mac OS X) AppleWebKit/605.1.15 (KHTML, like Gecko) Mobile/20A380 [FBAN/FBIOS;FBDV/iPhone14,4;FBMD/iPhone;FBSN/iOS;FBSV/16.0.2;FBSS/3;FBID/phone;FBLC/en_GB;FBOP/5]",
    "screenResolution": "360x780"
    },
    {
    "model": "Apple iPhone 13 Pro",
    "userAgent": "Mozilla/5.0 (iPhone; CPU iPhone OS 17_0 like Mac OS X) AppleWebKit/605.1.15 (KHTML, like Gecko) Mobile/21A5248v [FBAN/FBIOS;FBDV/iPhone14,2;FBMD/iPhone;FBSN/iOS;FBSV/17.0;FBSS/3;FBID/phone;FBLC/en_GB;FBOP/5]",
    "screenResolution": "390x844"
    },
    {
    "model": "Apple iPhone 13 Pro Max",
    "userAgent": "Mozilla/5.0 (iPhone; CPU iPhone OS 15_4_1 like Mac OS X) AppleWebKit/605.1.15 (KHTML, like Gecko) Mobile/19E258 [FBAN/FBIOS;FBDV/iPhone14,3;FBMD/iPhone;FBSN/iOS;FBSV/15.4.1;FBSS/3;FBID/phone;FBLC/it_IT;FBOP/5]",
    "screenResolution": "428x926"
    },
    {
    "model": "Apple iPhone 14",
    "userAgent": "Mozilla/5.0 (iPhone; CPU iPhone OS 17_0 like Mac OS X) AppleWebKit/605.1.15 (KHTML, like Gecko) Mobile/21A5248v [FBAN/FBIOS;FBDV/iPhone15,3;FBMD/iPhone;FBSN/iOS;FBSV/17.0;FBSS/3;FBID/phone;FBLC/en_US;FBOP/5]",
    "screenResolution": "390x844"
    },
    {
    "model": "Apple iPhone 14 Plus",
    "userAgent": "Mozilla/5.0 (iPhone; CPU iPhone OS 17_0_3 like Mac OS X) AppleWebKit/605.1.15 (KHTML, like Gecko) Mobile/21A360 [FBAN/FBIOS;FBDV/iPhone14,8;FBMD/iPhone;FBSN/iOS;FBSV/17.0.3;FBSS/3;FBID/phone;FBLC/sv_SE;FBOP/5]",
    "screenResolution": "428x926"
    },
    {
    "model": "Apple iPhone 14 Pro",
    "userAgent": "Mozilla/5.0 (iPhone; CPU iPhone OS 17_0_3 like Mac OS X) AppleWebKit/605.1.15 (KHTML, like Gecko) Mobile/21A360 [FBAN/FBIOS;FBDV/iPhone15,2;FBMD/iPhone;FBSN/iOS;FBSV/17.0.3;FBSS/3;FBID/phone;FBLC/fr_FR;FBOP/5]",
    "screenResolution": "393x852"
    },
    {
    "model": "Apple iPhone 14 Pro Max",
    "userAgent": "Mozilla/5.0 (iPhone; CPU iPhone OS 17_0 like Mac OS X) AppleWebKit/605.1.15 (KHTML, like Gecko) Mobile/21A5248v [FBAN/FBIOS;FBDV/iPhone15,3;FBMD/iPhone;FBSN/iOS;FBSV/17.0;FBSS/3;FBID/phone;FBLC/en_US;FBOP/5]",
    "screenResolution": "430x932"
    },
    {
    "model": "Apple iPhone 15",
    "userAgent": "Mozilla/5.0 (iPhone; CPU iPhone OS 17_0 like Mac OS X) AppleWebKit/605.1.15 (KHTML, like Gecko) CriOS/91.0.4472.124 Mobile/15E148 Safari/604.1",
    "screenResolution": "393x852"
    },
    {
    "model": "Apple iPhone 15 Plus",
    "userAgent": "Mozilla/5.0 (iPhone; CPU iPhone OS 17_0_3 like Mac OS X) AppleWebKit/605.1.15 (KHTML, like Gecko) Mobile/15E148 [FBAN/FBIOS;FBDV/iPhone15,5;FBMD/iPhone;FBSN/iOS;FBSV/17.0.3;FBSS/3;FBID/phone;FBLC/en_US;FBOP/5]",
    "screenResolution": "430x932"
    },
    {
    "model": "Apple iPhone 15 Pro",
    "userAgent": "Mozilla/5.0 (iPhone; CPU iPhone OS 17_0 like Mac OS X) AppleWebKit/605.1.15 (KHTML, like Gecko) CriOS/91.0.4472.124 Mobile/15E148 Safari/604.1",
    "screenResolution": "393x852"
    },
    {
    "model": "Apple iPhone 15 Pro Max",
    "userAgent": "Mozilla/5.0 (iPhone; CPU iPhone OS 17_1 like Mac OS X) AppleWebKit/605.1.15 (KHTML, like Gecko) Mobile/21B80 [FBAN/FBIOS;FBDV/iPhone16,2;FBMD/iPhone;FBSN/iOS;FBSV/17.1;FBSS/3;FBID/phone;FBLC/fr_FR;FBOP/5]",
    "screenResolution": "430x932"
    },
    {
    "model": "iPhone 5",
    "userAgent": "Mozilla/5.0 (iPhone; CPU iPhone OS 12_4_8 like Mac OS X) AppleWebKit/605.1.15 (KHTML, like Gecko) Version/12.1.2 Mobile/15E148 Safari/604.1",
    "screenResolution": "320x568"
    },
    {
    "model": "iPhone 5c",
    "userAgent": "Mozilla/5.0 (iPhone; CPU iPhone OS 12_5_4 like Mac OS X) AppleWebKit/605.1.15 (KHTML, like Gecko) Version/12.1.2 Mobile/15E148 Safari/604.1",
    "screenResolution": "320x568"
    },
    {
    "model": "iPhone 5s",
    "userAgent": "Mozilla/5.0 (iPhone; CPU iPhone OS 12_5_4 like Mac OS X) AppleWebKit/605.1.15 (KHTML, like Gecko) Version/12.1.2 Mobile/15E148 Safari/604.1",
    "screenResolution": "320x568"
    },
    {
    "model": "iPhone 6",
    "userAgent": "Mozilla/5.0 (iPhone; CPU iPhone OS 12_5_4 like Mac OS X) AppleWebKit/605.1.15 (KHTML, like Gecko) Version/12.1.2 Mobile/15E148 Safari/604.1",
    "screenResolution": "375x667"
    },
    {
    "model": "iPhone 6s",
    "userAgent": "Mozilla/5.0 (iPhone; CPU iPhone OS 15_7_3 like Mac OS X) AppleWebKit/605.1.15 (KHTML, like Gecko) Mobile/19H307 [FBAN/FBIOS;FBDV/iPhone8,1;FBMD/iPhone;FBSN/iOS;FBSV/15.7.3;FBSS/2;FBID/phone;FBLC/de_DE;FBOP/5]",
    "screenResolution": "375x667"
    },
    {
    "model": "iPhone 6s Plus",
    "userAgent": "Mozilla/5.0 (iPhone; CPU iPhone OS 14_8 like Mac OS X) AppleWebKit/605.1.15 (KHTML, like Gecko) Mobile/18H17 [FBAN/FBIOS;FBDV/iPhone8,2;FBMD/iPhone;FBSN/iOS;FBSV/14.8;FBSS/3;FBID/phone;FBLC/es_LA;FBOP/5]",
    "screenResolution": "414x736"
    },
    {
    "model": "iPhone 7",
    "userAgent": "com.google.GoogleMobile/194.0 iPhone/15.2.1 hw/iPhone9_1",
    "screenResolution": "375x667"
    },
    {
    "model": "iPhone 7 Plus",
    "userAgent": "com.google.GoogleMobile/111.0 iPhone/14.0.1 hw/iPhone9_4",
    "screenResolution": "414x736"
    },
    {
    "model": "iPhone 8",
    "userAgent": "Mozilla/5.0 (iPhone; CPU iPhone OS 15_0 like Mac OS X) AppleWebKit/605.1.15 (KHTML, like Gecko) Version/15.0 Mobile/15E148 Safari/604.1",
    "screenResolution": "375x667"
    },
    {
    "model": "iPhone 8 Plus",
    "userAgent": "Mozilla/5.0 (iPhone; CPU iPhone OS 13_4_1 like Mac OS X) AppleWebKit/605.1.15 (KHTML, like Gecko) Mobile/15E148 [FBAN/FBIOS;FBDV/iPhone10,2;FBMD/iPhone;FBSN/iOS;FBSV/13.4.1;FBSS/3;FBID/phone;FBLC/en_US;FBOP/5;FBCR/]",
    "screenResolution": "414x736"
    },
    {
    "model": "iPhone SE",
    "userAgent": "Mozilla/5.0 (iPhone; CPU iPhone OS 15_8 like Mac OS X) AppleWebKit/605.1.15 (KHTML, like Gecko) Mobile/19H370 [FBAN/FBIOS;FBAV/448.1.0.39.110;FBBV/559583292;FBDV/iPhone8,4;FBMD/iPhone;FBSN/iOS;FBSV/15.8;FBSS/2;FBID/phone;FBLC/pl_PL;FBOP/5;FBRV/563221807];FBNV/1",
    "screenResolution": "320x568"
    },
    {
    "model": "iPhone SE (2020)",
    "userAgent": "Mozilla/5.0 (iPhone; CPU iPhone OS 14_1 like Mac OS X) AppleWebKit/605.1.15 (KHTML, like Gecko) Mobile/15E148 [FBAN/FBIOS;FBDV/iPhone12,8;FBMD/iPhone;FBSN/iOS;FBSV/14.1;FBSS/2;FBID/phone;FBLC/de_DE;FBOP/5]",
    "screenResolution": "375x667"
    },
    {
    "model": "Apple iPhone SE (2022)",
    "userAgent": "Mozilla/5.0 (iPhone; CPU iPhone OS 16_3_1 like Mac OS X) AppleWebKit/605.1.15 (KHTML, like Gecko) Mobile/20D67 [FBAN/FBIOS;FBDV/iPhone14,6;FBMD/iPhone;FBSN/iOS;FBSV/16.3.1;FBSS/2;FBID/phone;FBLC/es_LA;FBOP/5]",
    "screenResolution": "375x667"
    },
    {
    "model": "Apple iPhone X",
    "userAgent": "Mozilla/5.0 (iPhone; CPU iPhone OS 14_5_1 like Mac OS X) AppleWebKit/605.1.15 (KHTML, like Gecko) Mobile/15E148 [FBAN/FBIOS;FBDV/iPhone10,3;FBMD/iPhone;FBSN/iOS;FBSV/14.5.1;FBSS/3;FBID/phone;FBLC/en_GB;FBOP/5]",
    "screenResolution": "375x812"
    },
    {
    "model": "iPhone XR",
    "userAgent": "Mozilla/5.0 (iPhone; CPU iPhone OS 13_3_1 like Mac OS X) AppleWebKit/605.1.15 (KHTML, like Gecko) Mobile/15E148 [FBAN/FBIOS;FBDV/iPhone11,8;FBMD/iPhone;FBSN/iOS;FBSV/13.3.1;FBSS/2;FBID/phone;FBLC/en_GB;FBOP/5;FBCR/FirstNet]",
    "screenResolution": "414x896"
    },
    {
    "model": "iPhone XS Max",
    "userAgent": "Mozilla/5.0 (iPhone; CPU iPhone OS 17_0 like Mac OS X) AppleWebKit/605.1.15 (KHTML, like Gecko) Mobile/21A5248v [FBAN/FBIOS;FBDV/iPhone11,6;FBMD/iPhone;FBSN/iOS;FBSV/17.0;FBSS/3;FBID/phone;FBLC/en_US;FBOP/5]",
    "screenResolution": "414x896"
    }
  ]
}