{
    "mac": [
      {
        "model": "Mac OS X 10.6 Snow Leopard 1280 x 800",
        "screenResolution": "1280 x 800",
        "userAgent": "Mozilla/5.0 (Macintosh; Intel Mac OS X 10_6_8) AppleWebKit/537.36 (KHTML, like Gecko) Chrome/49.0.2623.112 Safari/537.36"
      },
      {
        "model": "Mac OS X 10.7 Lion 1440 x 900",
        "screenResolution": "1440 x 900",
        "userAgent": "Mozilla/5.0 (Macintosh; Intel Mac OS X 10_7_5) AppleWebKit/537.36 (KHTML, like Gecko) Chrome/49.0.2623.112 Safari/537.36"
      },
      {
        "model": "Mac OS X 10.8 Mountain Lion 2560 x 1600",
        "screenResolution": "2560 x 1600",
        "userAgent": "Mozilla/5.0 (Macintosh; Intel Mac OS X 10_8_5) AppleWebKit/537.36 (KHTML, like Gecko) Chrome/66.0.3359.181 Safari/537.36"
      },
      {
        "model": "Mac OS X 10.9 Mavericks 2880 x 1800",
        "screenResolution": "2880 x 1800",
        "userAgent": "Mozilla/5.0 (Macintosh; Intel Mac OS X 10_9_5) AppleWebKit/537.36 (KHTML, like Gecko) Chrome/69.0.3497.100 Safari/537.36"
      },
      {
        "model": "Mac OS X 10.10 Yosemite 4096 x 2304",
        "screenResolution": "4096 x 2304",
        "userAgent": "Mozilla/5.0 (Macintosh; Intel Mac OS X 10_10_5) AppleWebKit/537.36 (KHTML, like Gecko) Chrome/71.0.3578.98 Safari/537.36"
      },
      {
        "model": "Mac OS X 10.11 El Capitan 5120 x 2880",
        "screenResolution": "5120 x 2880",
        "userAgent": "Mozilla/5.0 (Macintosh; Intel Mac OS X 10_11_6) AppleWebKit/537.36 (KHTML, like Gecko) Chrome/72.0.3626.121 Safari/537.36"
      },
      {
        "model": "macOS 10.12 Sierra 2560 x 1600",
        "screenResolution": "2560 x 1600",
        "userAgent": "Mozilla/5.0 (Macintosh; Intel Mac OS X 10_12_6) AppleWebKit/537.36 (KHTML, like Gecko) Chrome/75.0.3770.100 Safari/537.36"
      },
      {
        "model": "macOS 10.13 High Sierra 2880 x 1800",
        "screenResolution": "2880 x 1800",
        "userAgent": "Mozilla/5.0 (Macintosh; Intel Mac OS X 10_13_6) AppleWebKit/537.36 (KHTML, like Gecko) Chrome/78.0.3904.108 Safari/537.36"
      },
      {
        "model": "macOS 10.14 Mojave 4096 x 2304",
        "screenResolution": "4096 x 2304",
        "userAgent": "Mozilla/5.0 (Macintosh; Intel Mac OS X 10_14_6) AppleWebKit/537.36 (KHTML, like Gecko) Chrome/81.0.4044.138 Safari/537.36"
      },
      {
        "model": "macOS 10.15 Catalina 5120 x 2880",
        "screenResolution": "5120 x 2880",
        "userAgent": "Mozilla/5.0 (Macintosh; Intel Mac OS X 10_15_7) AppleWebKit/537.36 (KHTML, like Gecko) Chrome/86.0.4240.198 Safari/537.36"
      },
      {
        "model": "macOS 11 Big Sur 2560 x 1600",
        "screenResolution": "2560 x 1600",
        "userAgent": "Mozilla/5.0 (Macintosh; Intel Mac OS X 11_2_3) AppleWebKit/537.36 (KHTML, like Gecko) Chrome/89.0.4389.114 Safari/537.36"
      },
      {
        "model": "macOS 12 Monterey 2880 x 1800",
        "screenResolution": "2880 x 1800",
        "userAgent": "Mozilla/5.0 (Macintosh; Intel Mac OS X 12_0_1) AppleWebKit/537.36 (KHTML, like Gecko) Chrome/95.0.4638.69 Safari/537.36"
      }
    ]
  }
  