{
    "windows": [
      {
        "model": "Windows XP 800 x 600",
        "screenResolution": "800 x 600",
        "userAgent": "Mozilla/5.0 (Windows NT 5.1) AppleWebKit/537.36 (KHTML, like Gecko) Chrome/49.0.2623.112 Safari/537.36"
      },
      {
        "model": "Windows XP 1024 x 768",
        "screenResolution": "1024 x 768",
        "userAgent": "Mozilla/5.0 (Windows NT 5.1) AppleWebKit/537.36 (KHTML, like Gecko) Chrome/49.0.2623.112 Safari/537.36"
      },
      {
        "model": "Windows XP 1280 x 1024",
        "screenResolution": "1280 x 1024",
        "userAgent": "Mozilla/5.0 (Windows NT 5.1) AppleWebKit/537.36 (KHTML, like Gecko) Chrome/49.0.2623.112 Safari/537.36"
      },
      {
        "model": "Windows Vista 1024 x 768",
        "screenResolution": "1024 x 768",
        "userAgent": "Mozilla/5.0 (Windows NT 6.0) AppleWebKit/537.36 (KHTML, like Gecko) Chrome/36.0.1985.125 Safari/537.36"
      },
      {
        "model": "Windows Vista 1280 x 1024",
        "screenResolution": "1280 x 1024",
        "userAgent": "Mozilla/5.0 (Windows NT 6.0) AppleWebKit/537.36 (KHTML, like Gecko) Chrome/36.0.1985.125 Safari/537.36"
      },
      {
        "model": "Windows Vista 1440 x 900",
        "screenResolution": "1440 x 900",
        "userAgent": "Mozilla/5.0 (Windows NT 6.0) AppleWebKit/537.36 (KHTML, like Gecko) Chrome/36.0.1985.125 Safari/537.36"
      },
      {
        "model": "Windows 7 1280 x 720",
        "screenResolution": "1280 x 720",
        "userAgent": "Mozilla/5.0 (Windows NT 6.1; Win64; x64) AppleWebKit/537.36 (KHTML, like Gecko) Chrome/64.0.3282.140 Safari/537.36"
      },
      {
        "model": "Windows 7 1366 x 768",
        "screenResolution": "1366 x 768",
        "userAgent": "Mozilla/5.0 (Windows NT 6.1; Win64; x64) AppleWebKit/537.36 (KHTML, like Gecko) Chrome/64.0.3282.140 Safari/537.36"
      },
      {
        "model": "Windows 7 1920 x 1080",
        "screenResolution": "1920 x 1080",
        "userAgent": "Mozilla/5.0 (Windows NT 6.1; Win64; x64) AppleWebKit/537.36 (KHTML, like Gecko) Chrome/64.0.3282.140 Safari/537.36"
      },
      {
        "model": "Windows 8 1366 x 768",
        "screenResolution": "1366 x 768",
        "userAgent": "Mozilla/5.0 (Windows NT 6.2; Win64; x64) AppleWebKit/537.36 (KHTML, like Gecko) Chrome/68.0.3440.106 Safari/537.36"
      },
      {
        "model": "Windows 8 1920 x 1080",
        "screenResolution": "1920 x 1080",
        "userAgent": "Mozilla/5.0 (Windows NT 6.2; Win64; x64) AppleWebKit/537.36 (KHTML, like Gecko) Chrome/68.0.3440.106 Safari/537.36"
      },
      {
        "model": "Windows 8.1 1366 x 768",
        "screenResolution": "1366 x 768",
        "userAgent": "Mozilla/5.0 (Windows NT 6.3; Win64; x64) AppleWebKit/537.36 (KHTML, like Gecko) Chrome/72.0.3626.121 Safari/537.36"
      },
      {
        "model": "Windows 8.1 1920 x 1080",
        "screenResolution": "1920 x 1080",
        "userAgent": "Mozilla/5.0 (Windows NT 6.3; Win64; x64) AppleWebKit/537.36 (KHTML, like Gecko) Chrome/72.0.3626.121 Safari/537.36"
      },
      {
        "model": "Windows 10 1366 x 768",
        "screenResolution": "1366 x 768",
        "userAgent": "Mozilla/5.0 (Windows NT 10.0; Win64; x64) AppleWebKit/537.36 (KHTML, like Gecko) Chrome/89.0.4389.82 Safari/537.36"
      },
      {
        "model": "Windows 10 1920 x 1080",
        "screenResolution": "1920 x 1080",
        "userAgent": "Mozilla/5.0 (Windows NT 10.0; Win64; x64) AppleWebKit/537.36 (KHTML, like Gecko) Chrome/89.0.4389.82 Safari/537.36"
      },
      {
        "model": "Windows 11 1920 x 1080",
        "screenResolution": "1920 x 1080",
        "userAgent": "Mozilla/5.0 (Windows NT 10.0; Win64; x64) AppleWebKit/537.36 (KHTML, like Gecko) Chrome/95.0.4638.69 Safari/537.36"
      },
      {
        "model": "Windows 11 2560 x 1440",
        "screenResolution": "2560 x 1440",
        "userAgent": "Mozilla/5.0 (Windows NT 10.0; Win64; x64) AppleWebKit/537.36 (KHTML, like Gecko) Chrome/95.0.4638.69 Safari/537.36"
      }
    ]
  }
  